GEO.id,GEO.id2,GEO.display-label,HC01_EST_VC13,HC01_EST_VC15
Id,Id2,Geography,Households; Estimate; Median income (dollars),Households; Estimate; Mean income (dollars)
1600000US1900190,1900190,"Ackley city, Iowa",44063,55958
1600000US1900235,1900235,"Ackworth city, Iowa",40000,51456
1600000US1900370,1900370,"Adair city, Iowa",48188,54911
1600000US1900505,1900505,"Adel city, Iowa",56319,71089
1600000US1900595,1900595,"Afton city, Iowa",42137,48388
1600000US1900640,1900640,"Agency city, Iowa",37857,48740
1600000US1900730,1900730,"Ainsworth city, Iowa",42212,57002
1600000US1900775,1900775,"Akron city, Iowa",41161,53216
1600000US1900865,1900865,"Albert City city, Iowa",44342,51473
1600000US1900910,1900910,"Albia city, Iowa",44230,54787
1600000US1900955,1900955,"Albion city, Iowa",53750,60549
1600000US1901000,1901000,"Alburnett city, Iowa",66875,72546
1600000US1901045,1901045,"Alden city, Iowa",48173,53604
1600000US1901090,1901090,"Alexander city, Iowa",39375,49840
1600000US1901135,1901135,"Algona city, Iowa",50512,57627
1600000US1901180,1901180,"Alleman city, Iowa",81818,95290
1600000US1901270,1901270,"Allerton city, Iowa",39688,39799
1600000US1901315,1901315,"Allison city, Iowa",52750,65902
1600000US1901495,1901495,"Alta city, Iowa",46458,68821
1600000US1901540,1901540,"Alta Vista city, Iowa",40000,45863
1600000US1901585,1901585,"Alton city, Iowa",62232,69915
1600000US1901630,1901630,"Altoona city, Iowa",69748,83635
1600000US1901675,1901675,"Alvord city, Iowa",53750,62244
1600000US1901720,1901720,"Amana CDP, Iowa",68625,79337
1600000US1901855,1901855,"Ames city, Iowa",41616,58132
1600000US1901990,1901990,"Anamosa city, Iowa",41092,49160
1600000US1902035,1902035,"Anderson CDP, Iowa",-,-
1600000US1902080,1902080,"Andover city, Iowa",54063,56224
1600000US1902125,1902125,"Andrew city, Iowa",44583,51614
1600000US1902260,1902260,"Anita city, Iowa",40429,50431
1600000US1902305,1902305,"Ankeny city, Iowa",75465,85337
1600000US1902350,1902350,"Anthon city, Iowa",37159,58028
1600000US1902395,1902395,"Aplington city, Iowa",51838,63545
1600000US1902485,1902485,"Arcadia city, Iowa",54010,59416
1600000US1902530,1902530,"Archer city, Iowa",46667,48503
1600000US1902620,1902620,"Aredale city, Iowa",25000,34139
1600000US1902755,1902755,"Arion city, Iowa",40750,48337
1600000US1902800,1902800,"Arispe city, Iowa",36000,42547
1600000US1902845,1902845,"Arlington city, Iowa",41500,67557
1600000US1902935,1902935,"Armstrong city, Iowa",47000,52037
1600000US1903025,1903025,"Arnolds Park city, Iowa",46518,66067
1600000US1903115,1903115,"Arthur city, Iowa",40833,47943
1600000US1903160,1903160,"Asbury city, Iowa",89559,101086
1600000US1903295,1903295,"Ashton city, Iowa",46250,51579
1600000US1903340,1903340,"Aspinwall city, Iowa",57500,48640
1600000US1903385,1903385,"Atalissa city, Iowa",57500,63893
1600000US1903430,1903430,"Athelstan CDP, Iowa",-,N
1600000US1903475,1903475,"Atkins city, Iowa",84917,89605
1600000US1903520,1903520,"Atlantic city, Iowa",37397,52023
1600000US1903610,1903610,"Auburn city, Iowa",38021,44346
1600000US1903655,1903655,"Audubon city, Iowa",37983,54425
1600000US1903745,1903745,"Aurelia city, Iowa",50556,58391
1600000US1903835,1903835,"Aurora city, Iowa",47321,58433
1600000US1903970,1903970,"Avoca city, Iowa",50735,66265
1600000US1904105,1904105,"Ayrshire city, Iowa",28750,35019
1600000US1904195,1904195,"Badger city, Iowa",60536,60633
1600000US1904240,1904240,"Bagley city, Iowa",45556,48293
1600000US1904330,1904330,"Baldwin city, Iowa",33125,33940
1600000US1904375,1904375,"Balltown city, Iowa",55938,55476
1600000US1904420,1904420,"Bancroft city, Iowa",44375,51612
1600000US1904510,1904510,"Bankston city, Iowa",113393,106418
1600000US1904555,1904555,"Barnes City city, Iowa",37500,42108
1600000US1904645,1904645,"Barnum city, Iowa",53750,51290
1600000US1904735,1904735,"Bartlett CDP, Iowa",-,-
1600000US1904780,1904780,"Bassett city, Iowa",47813,56303
1600000US1904825,1904825,"Batavia city, Iowa",39808,43757
1600000US1904870,1904870,"Battle Creek city, Iowa",38056,45947
1600000US1904915,1904915,"Baxter city, Iowa",53500,67386
1600000US1904960,1904960,"Bayard city, Iowa",47721,47467
1600000US1905050,1905050,"Beacon city, Iowa",32917,40888
1600000US1905095,1905095,"Beaconsfield city, Iowa",(X),21121
1600000US1905140,1905140,"Beaman city, Iowa",53750,62374
1600000US1905185,1905185,"Beaver city, Iowa",51250,54458
1600000US1905200,1905200,"Beaverdale CDP, Iowa",57232,71117
1600000US1905365,1905365,"Bedford city, Iowa",34750,43918
1600000US1905590,1905590,"Belle Plaine city, Iowa",39732,52991
1600000US1905635,1905635,"Bellevue city, Iowa",44089,55071
1600000US1905680,1905680,"Belmond city, Iowa",38511,50929
1600000US1905770,1905770,"Bennett city, Iowa",50556,58158
1600000US1905870,1905870,"Bentley CDP, Iowa",110625,113261
1600000US1905905,1905905,"Benton city, Iowa",57969,51024
1600000US1906040,1906040,"Berkley city, Iowa",38750,49708
1600000US1906085,1906085,"Bernard city, Iowa",53750,59229
1600000US1906175,1906175,"Bertram city, Iowa",93750,103521
1600000US1906355,1906355,"Bettendorf city, Iowa",75373,95226
1600000US1906490,1906490,"Bevington city, Iowa",39167,46025
1600000US1906625,1906625,"Birmingham city, Iowa",40833,45335
1600000US1906760,1906760,"Blairsburg city, Iowa",52500,61717
1600000US1906805,1906805,"Blairstown city, Iowa",50729,57460
1600000US1906850,1906850,"Blakesburg city, Iowa",32500,38408
1600000US1906895,1906895,"Blanchard city, Iowa",59375,59950
1600000US1906940,1906940,"Blencoe city, Iowa",39792,58573
1600000US1906985,1906985,"Blockton city, Iowa",30938,38905
1600000US1907030,1907030,"Bloomfield city, Iowa",42234,50528
1600000US1907075,1907075,"Blue Grass city, Iowa",64185,74034
1600000US1907210,1907210,"Bode city, Iowa",41250,47658
1600000US1907255,1907255,"Bolan CDP, Iowa",-,N
1600000US1907345,1907345,"Bonaparte city, Iowa",30909,41849
1600000US1907390,1907390,"Bondurant city, Iowa",63542,72253
1600000US1907480,1907480,"Boone city, Iowa",46486,56223
1600000US1907660,1907660,"Bouton city, Iowa",40625,53358
1600000US1907750,1907750,"Boxholm city, Iowa",33750,45154
1600000US1907840,1907840,"Boyden city, Iowa",59250,55853
1600000US1907930,1907930,"Braddyville city, Iowa",50500,46689
1600000US1908020,1908020,"Bradford CDP, Iowa",42813,50434
1600000US1908065,1908065,"Bradgate city, Iowa",35000,49350
1600000US1908155,1908155,"Brandon city, Iowa",43750,44176
1600000US1908200,1908200,"Brayton city, Iowa",37321,40601
1600000US1908290,1908290,"Breda city, Iowa",59375,65938
1600000US1908425,1908425,"Bridgewater city, Iowa",44107,46228
1600000US1908470,1908470,"Brighton city, Iowa",39107,42570
1600000US1908560,1908560,"Bristow city, Iowa",37188,43164
1600000US1908605,1908605,"Britt city, Iowa",44432,55957
1600000US1908650,1908650,"Bronson city, Iowa",68750,69956
1600000US1908695,1908695,"Brooklyn city, Iowa",47284,55614
1600000US1908875,1908875,"Brunsville city, Iowa",56250,72427
1600000US1909100,1909100,"Buckeye city, Iowa",41786,40726
1600000US1909145,1909145,"Buck Grove city, Iowa",30000,54271
1600000US1909235,1909235,"Buffalo city, Iowa",44922,51154
1600000US1909280,1909280,"Buffalo Center city, Iowa",41087,57007
1600000US1909415,1909415,"Burchinal CDP, Iowa",(X),57484
1600000US1909550,1909550,"Burlington city, Iowa",39586,53203
1600000US1909640,1909640,"Burr Oak CDP, Iowa",46944,61798
1600000US1909685,1909685,"Burt city, Iowa",39333,55903
1600000US1909730,1909730,"Bussey city, Iowa",36250,47223
1600000US1909820,1909820,"Calamus city, Iowa",55000,57769
1600000US1909910,1909910,"California Junction CDP, Iowa",(X),41324
1600000US1909955,1909955,"Callender city, Iowa",45313,50273
1600000US1910045,1910045,"Calmar city, Iowa",44297,49964
1600000US1910090,1910090,"Calumet city, Iowa",59063,62030
1600000US1910135,1910135,"Camanche city, Iowa",56318,69700
1600000US1910225,1910225,"Cambridge city, Iowa",54196,66947
1600000US1910450,1910450,"Cantril city, Iowa",34583,49046
1600000US1910585,1910585,"Carbon city, Iowa",28750,28889
1600000US1910765,1910765,"Carlisle city, Iowa",57794,66907
1600000US1911035,1911035,"Carpenter city, Iowa",(X),62704
1600000US1911080,1911080,"Carroll city, Iowa",43078,56323
1600000US1911170,1911170,"Carson city, Iowa",47039,60625
1600000US1911215,1911215,"Carter Lake city, Iowa",48333,69379
1600000US1911305,1911305,"Cascade city, Iowa",47344,53045
1600000US1911395,1911395,"Casey city, Iowa",40000,46548
1600000US1911485,1911485,"Castalia city, Iowa",45357,51917
1600000US1911530,1911530,"Castana city, Iowa",22143,29408
1600000US1911755,1911755,"Cedar Falls city, Iowa",55808,73216
1600000US1912000,1912000,"Cedar Rapids city, Iowa",53581,69795
1600000US1912225,1912225,"Center Junction city, Iowa",55000,52352
1600000US1912270,1912270,"Center Point city, Iowa",79545,80832
1600000US1912315,1912315,"Centerville city, Iowa",31270,45935
1600000US1912495,1912495,"Central City city, Iowa",54453,58722
1600000US1912630,1912630,"Centralia city, Iowa",50938,61302
1600000US1912675,1912675,"Chapin CDP, Iowa",(X),66135
1600000US1912720,1912720,"Chariton city, Iowa",33167,41691
1600000US1912765,1912765,"Charles City city, Iowa",39053,48254
1600000US1912855,1912855,"Charlotte city, Iowa",47955,57139
1600000US1912900,1912900,"Charter Oak city, Iowa",49167,52177
1600000US1912945,1912945,"Chatsworth city, Iowa",(X),53004
1600000US1912990,1912990,"Chelsea city, Iowa",41000,45984
1600000US1913080,1913080,"Cherokee city, Iowa",40811,48161
1600000US1913125,1913125,"Chester city, Iowa",37813,42839
1600000US1913215,1913215,"Chillicothe city, Iowa",45536,55520
1600000US1913350,1913350,"Churdan city, Iowa",38125,44512
1600000US1913395,1913395,"Cincinnati city, Iowa",33500,42549
1600000US1913485,1913485,"Clare city, Iowa",54583,66579
1600000US1913530,1913530,"Clarence city, Iowa",44196,51487
1600000US1913575,1913575,"Clarinda city, Iowa",42551,54636
1600000US1913620,1913620,"Clarion city, Iowa",37583,60090
1600000US1913755,1913755,"Clarksville city, Iowa",43750,51266
1600000US1913845,1913845,"Clayton city, Iowa",48750,56732
1600000US1913980,1913980,"Clearfield city, Iowa",32266,40267
1600000US1914025,1914025,"Clear Lake city, Iowa",49219,65294
1600000US1914115,1914115,"Cleghorn city, Iowa",46000,47199
1600000US1914160,1914160,"Clemons city, Iowa",58750,62051
1600000US1914250,1914250,"Clermont city, Iowa",42813,57067
1600000US1914385,1914385,"Climbing Hill CDP, Iowa",84063,72102
1600000US1914430,1914430,"Clinton city, Iowa",41813,57372
1600000US1914475,1914475,"Clio city, Iowa",42083,71836
1600000US1914520,1914520,"Clive city, Iowa",93160,128882
1600000US1914655,1914655,"Clutier city, Iowa",38125,43829
1600000US1914835,1914835,"Coalville CDP, Iowa",41875,52540
1600000US1914880,1914880,"Coburg city, Iowa",43125,46959
1600000US1914925,1914925,"Coggon city, Iowa",51719,61264
1600000US1914970,1914970,"Coin city, Iowa",43125,51695
1600000US1915015,1915015,"Colesburg city, Iowa",53594,55748
1600000US1915060,1915060,"Colfax city, Iowa",44706,61003
1600000US1915105,1915105,"College Springs city, Iowa",31786,38043
1600000US1915195,1915195,"Collins city, Iowa",55000,59135
1600000US1915240,1915240,"Colo city, Iowa",49688,59424
1600000US1915375,1915375,"Columbus City city, Iowa",56103,54444
1600000US1915420,1915420,"Columbus Junction city, Iowa",49167,52216
1600000US1915465,1915465,"Colwell city, Iowa",46250,51346
1600000US1915645,1915645,"Conesville city, Iowa",42692,46276
1600000US1915825,1915825,"Conrad city, Iowa",45313,55277
1600000US1915870,1915870,"Conroy CDP, Iowa",46758,60319
1600000US1915960,1915960,"Conway city, Iowa",35625,38375
1600000US1916050,1916050,"Coon Rapids city, Iowa",44674,58879
1600000US1916140,1916140,"Coppock city, Iowa",29531,56103
1600000US1916230,1916230,"Coralville city, Iowa",58744,84990
1600000US1916320,1916320,"Corley CDP, Iowa",(X),33239
1600000US1916500,1916500,"Corning city, Iowa",41849,53487
1600000US1916545,1916545,"Correctionville city, Iowa",40119,44302
1600000US1916590,1916590,"Corwith city, Iowa",37857,51980
1600000US1916635,1916635,"Corydon city, Iowa",43646,58878
1600000US1916725,1916725,"Cotter city, Iowa",55500,54621
1600000US1916815,1916815,"Coulter city, Iowa",51250,54225
1600000US1916860,1916860,"Council Bluffs city, Iowa",45551,57456
1600000US1916950,1916950,"Craig city, Iowa",78125,70194
1600000US1917130,1917130,"Crawfordsville city, Iowa",41719,54163
1600000US1917175,1917175,"Crescent city, Iowa",81731,80654
1600000US1917220,1917220,"Cresco city, Iowa",47426,55322
1600000US1917265,1917265,"Creston city, Iowa",40782,50734
1600000US1917490,1917490,"Cromwell city, Iowa",62500,63419
1600000US1917670,1917670,"Crystal Lake city, Iowa",34432,40247
1600000US1917760,1917760,"Cumberland city, Iowa",26953,42550
1600000US1917850,1917850,"Cumming city, Iowa",105000,131904
1600000US1917895,1917895,"Curlew city, Iowa",31429,40397
1600000US1917940,1917940,"Cushing city, Iowa",36667,41115
1600000US1917985,1917985,"Cylinder city, Iowa",54750,63700
1600000US1918075,1918075,"Dakota City city, Iowa",42708,53793
1600000US1918255,1918255,"Dallas Center city, Iowa",69265,82106
1600000US1918345,1918345,"Dana city, Iowa",30694,34990
1600000US1918390,1918390,"Danbury city, Iowa",43906,60155
1600000US1918435,1918435,"Danville city, Iowa",50694,58106
1600000US1919000,1919000,"Davenport city, Iowa",47343,59663
1600000US1919090,1919090,"Davis City city, Iowa",26875,34378
1600000US1919135,1919135,"Dawson city, Iowa",35938,50234
1600000US1919180,1919180,"Dayton city, Iowa",41406,51319
1600000US1919360,1919360,"Decatur City city, Iowa",41250,45786
1600000US1919405,1919405,"Decorah city, Iowa",50388,61459
1600000US1919450,1919450,"Dedham city, Iowa",55000,64754
1600000US1919495,1919495,"Deep River city, Iowa",38750,46385
1600000US1919585,1919585,"Defiance city, Iowa",43500,50688
1600000US1919630,1919630,"Delaware city, Iowa",48438,55718
1600000US1919675,1919675,"Delhi city, Iowa",55000,55679
1600000US1919720,1919720,"Delmar city, Iowa",49762,57869
1600000US1919765,1919765,"Deloit city, Iowa",33500,36300
1600000US1919810,1919810,"Delphos city, Iowa",11000,14300
1600000US1919855,1919855,"Delta city, Iowa",23750,33722
1600000US1919945,1919945,"Denison city, Iowa",44622,58532
1600000US1919990,1919990,"Denmark CDP, Iowa",40833,51264
1600000US1920035,1920035,"Denver city, Iowa",55500,69077
1600000US1920125,1920125,"Derby city, Iowa",48750,48028
1600000US1921000,1921000,"Des Moines city, Iowa",46290,60096
1600000US1921045,1921045,"De Soto city, Iowa",56250,69574
1600000US1921180,1921180,"De Witt city, Iowa",58750,69865
1600000US1921225,1921225,"Dexter city, Iowa",54688,61142
1600000US1921270,1921270,"Diagonal city, Iowa",37222,48973
1600000US1921320,1921320,"Diamondhead Lake CDP, Iowa",88750,163714
1600000US1921360,1921360,"Dickens city, Iowa",45625,56163
1600000US1921405,1921405,"Dike city, Iowa",67500,92755
1600000US1921540,1921540,"Dixon city, Iowa",44688,61245
1600000US1921675,1921675,"Dolliver city, Iowa",49583,66590
1600000US1921720,1921720,"Donahue city, Iowa",78750,81907
1600000US1921810,1921810,"Donnellson city, Iowa",37656,49770
1600000US1921900,1921900,"Doon city, Iowa",52708,56406
1600000US1922035,1922035,"Douds CDP, Iowa",37857,33056
1600000US1922080,1922080,"Dougherty city, Iowa",49375,50528
1600000US1922215,1922215,"Dow City city, Iowa",36750,42351
1600000US1922305,1922305,"Dows city, Iowa",36875,46537
1600000US1922350,1922350,"Drakesville city, Iowa",30625,43261
1600000US1922395,1922395,"Dubuque city, Iowa",47450,59017
1600000US1922620,1922620,"Dumont city, Iowa",47917,55438
1600000US1922710,1922710,"Duncan CDP, Iowa",(X),58710
1600000US1922755,1922755,"Duncombe city, Iowa",37188,45756
1600000US1922800,1922800,"Dundee city, Iowa",42083,44208
1600000US1922845,1922845,"Dunkerton city, Iowa",55938,63441
1600000US1922890,1922890,"Dunlap city, Iowa",50000,55992
1600000US1922935,1922935,"Durango city, Iowa",35625,43029
1600000US1922980,1922980,"Durant city, Iowa",60625,70959
1600000US1923115,1923115,"Dyersville city, Iowa",49392,58472
1600000US1923160,1923160,"Dysart city, Iowa",56875,65948
1600000US1923250,1923250,"Eagle Grove city, Iowa",39654,58976
1600000US1923340,1923340,"Earlham city, Iowa",59455,70104
1600000US1923385,1923385,"Earling city, Iowa",44000,61406
1600000US1923430,1923430,"Earlville city, Iowa",59464,60260
1600000US1923475,1923475,"Early city, Iowa",40000,48833
1600000US1923520,1923520,"East Amana CDP, Iowa",-,N
1600000US1923790,1923790,"East Peru city, Iowa",25000,36626
1600000US1923970,1923970,"Eddyville city, Iowa",46518,53347
1600000US1924060,1924060,"Edgewood city, Iowa",48214,52174
1600000US1924375,1924375,"Elberon city, Iowa",53333,56287
1600000US1924420,1924420,"Eldon city, Iowa",33083,40642
1600000US1924465,1924465,"Eldora city, Iowa",46776,56333
1600000US1924600,1924600,"Eldridge city, Iowa",57750,79785
1600000US1924645,1924645,"Elgin city, Iowa",44779,50144
1600000US1924690,1924690,"Elkader city, Iowa",46136,59459
1600000US1924735,1924735,"Elkhart city, Iowa",51750,61037
1600000US1924780,1924780,"Elk Horn city, Iowa",48000,57547
1600000US1924825,1924825,"Elkport city, Iowa",30250,28840
1600000US1924870,1924870,"Elk Run Heights city, Iowa",52188,57257
1600000US1924915,1924915,"Elliott city, Iowa",45250,50766
1600000US1925005,1925005,"Ellston city, Iowa",63750,60710
1600000US1925050,1925050,"Ellsworth city, Iowa",53393,62796
1600000US1925095,1925095,"Elma city, Iowa",38889,53357
1600000US1925365,1925365,"Ely city, Iowa",96667,94864
1600000US1925500,1925500,"Emerson city, Iowa",51645,59138
1600000US1925590,1925590,"Emmetsburg city, Iowa",41964,59149
1600000US1925725,1925725,"Epworth city, Iowa",70380,70612
1600000US1925815,1925815,"Essex city, Iowa",48500,53815
1600000US1925860,1925860,"Estherville city, Iowa",43536,59130
1600000US1925995,1925995,"Evansdale city, Iowa",43492,51711
1600000US1926175,1926175,"Everly city, Iowa",56250,57102
1600000US1926265,1926265,"Exira city, Iowa",36442,44384
1600000US1926310,1926310,"Exline city, Iowa",33333,40079
1600000US1926355,1926355,"Fairbank city, Iowa",58472,74415
1600000US1926400,1926400,"Fairfax city, Iowa",87548,92340
1600000US1926445,1926445,"Fairfield city, Iowa",37162,49533
1600000US1926760,1926760,"Farley city, Iowa",75583,91430
1600000US1926850,1926850,"Farmersburg city, Iowa",40938,47233
1600000US1926895,1926895,"Farmington city, Iowa",38056,47866
1600000US1926940,1926940,"Farnhamville city, Iowa",39375,54214
1600000US1926985,1926985,"Farragut city, Iowa",47813,56794
1600000US1927165,1927165,"Fayette city, Iowa",28125,45569
1600000US1927210,1927210,"Fenton city, Iowa",49583,72949
1600000US1927255,1927255,"Ferguson city, Iowa",45893,49925
1600000US1927390,1927390,"Fertile city, Iowa",43393,56993
1600000US1927975,1927975,"Floris city, Iowa",44286,54295
1600000US1928020,1928020,"Floyd city, Iowa",41250,47705
1600000US1928245,1928245,"Fonda city, Iowa",39750,42118
1600000US1928290,1928290,"Fontanelle city, Iowa",38958,47196
1600000US1928380,1928380,"Forest City city, Iowa",46146,57431
1600000US1928425,1928425,"Fort Atkinson city, Iowa",37813,52343
1600000US1928515,1928515,"Fort Dodge city, Iowa",39315,53590
1600000US1928605,1928605,"Fort Madison city, Iowa",42595,51918
1600000US1928650,1928650,"Fostoria city, Iowa",62917,60135
1600000US1928740,1928740,"Franklin city, Iowa",53125,61347
1600000US1928920,1928920,"Fraser city, Iowa",71000,101323
1600000US1928965,1928965,"Fredericksburg city, Iowa",36950,43945
1600000US1929010,1929010,"Frederika city, Iowa",42969,58100
1600000US1929055,1929055,"Fredonia city, Iowa",48958,51784
1600000US1929190,1929190,"Fremont city, Iowa",41319,55183
1600000US1929280,1929280,"Fruitland city, Iowa",80217,82042
1600000US1929325,1929325,"Frytown CDP, Iowa",-,N
1600000US1929550,1929550,"Galt city, Iowa",(X),72454
1600000US1929595,1929595,"Galva city, Iowa",43250,47579
1600000US1929685,1929685,"Garber city, Iowa",55625,55772
1600000US1929730,1929730,"Garden City CDP, Iowa",(X),98076
1600000US1929775,1929775,"Garden Grove city, Iowa",42813,47031
1600000US1929910,1929910,"Garnavillo city, Iowa",46750,54865
1600000US1929955,1929955,"Garner city, Iowa",58323,69690
1600000US1930000,1930000,"Garrison city, Iowa",50625,56566
1600000US1930045,1930045,"Garwin city, Iowa",49531,59873
1600000US1930135,1930135,"Geneva city, Iowa",34375,42666
1600000US1930225,1930225,"George city, Iowa",50795,52395
1600000US1930540,1930540,"Gibson city, Iowa",37500,38366
1600000US1930630,1930630,"Gilbert city, Iowa",80833,83239
1600000US1930675,1930675,"Gilbertville city, Iowa",51696,54484
1600000US1930810,1930810,"Gillett Grove city, Iowa",(X),41781
1600000US1930900,1930900,"Gilman city, Iowa",54250,56478
1600000US1930945,1930945,"Gilmore City city, Iowa",38125,47982
1600000US1931035,1931035,"Gladbrook city, Iowa",60078,60537
1600000US1931350,1931350,"Glenwood city, Iowa",53229,63597
1600000US1931395,1931395,"Glidden city, Iowa",55625,59844
1600000US1931530,1931530,"Goldfield city, Iowa",39417,47240
1600000US1931575,1931575,"Goodell city, Iowa",37500,39561
1600000US1931665,1931665,"Goose Lake city, Iowa",70417,70764
1600000US1931710,1931710,"Gowrie city, Iowa",43250,53634
1600000US1931800,1931800,"Graettinger city, Iowa",41103,45685
1600000US1931845,1931845,"Graf city, Iowa",65417,70626
1600000US1931890,1931890,"Grafton city, Iowa",33333,48617
1600000US1931980,1931980,"Grand Junction city, Iowa",40156,48575
1600000US1932025,1932025,"Grand Mound city, Iowa",61250,63916
1600000US1932070,1932070,"Grand River city, Iowa",24844,38312
1600000US1932115,1932115,"Grandview city, Iowa",45250,51831
1600000US1932160,1932160,"Granger city, Iowa",71250,78044
1600000US1932295,1932295,"Grant city, Iowa",29375,41153
1600000US1932475,1932475,"Granville city, Iowa",59167,59619
1600000US1932520,1932520,"Gravity city, Iowa",38056,42365
1600000US1932565,1932565,"Gray city, Iowa",80833,91757
1600000US1932610,1932610,"Greeley city, Iowa",43393,52703
1600000US1932745,1932745,"Greene city, Iowa",47344,65124
1600000US1932790,1932790,"Greenfield city, Iowa",41823,53771
1600000US1932925,1932925,"Green Mountain CDP, Iowa",52250,58884
1600000US1932970,1932970,"Greenville city, Iowa",41250,46518
1600000US1933060,1933060,"Grimes city, Iowa",77652,89377
1600000US1933105,1933105,"Grinnell city, Iowa",45365,60015
1600000US1933150,1933150,"Griswold city, Iowa",43696,53150
1600000US1933195,1933195,"Grundy Center city, Iowa",50000,62921
1600000US1933240,1933240,"Gruver city, Iowa",47000,58026
1600000US1933285,1933285,"Guernsey city, Iowa",39583,47990
1600000US1933420,1933420,"Guthrie Center city, Iowa",37833,52690
1600000US1933465,1933465,"Guttenberg city, Iowa",38553,49055
1600000US1933645,1933645,"Halbur city, Iowa",58750,60059
1600000US1933780,1933780,"Hamburg city, Iowa",34931,44914
1600000US1933870,1933870,"Hamilton city, Iowa",50700,46757
1600000US1933960,1933960,"Hampton city, Iowa",45942,54188
1600000US1934005,1934005,"Hancock city, Iowa",47917,52428
1600000US1934185,1934185,"Hanlontown city, Iowa",55000,60105
1600000US1934365,1934365,"Hansell city, Iowa",55833,63430
1600000US1934410,1934410,"Harcourt city, Iowa",48750,60222
1600000US1934455,1934455,"Hardy city, Iowa",58750,52347
1600000US1934500,1934500,"Harlan city, Iowa",42378,59740
1600000US1934545,1934545,"Harper city, Iowa",55625,60243
1600000US1934590,1934590,"Harpers Ferry city, Iowa",39250,48067
1600000US1934635,1934635,"Harris city, Iowa",34107,41604
1600000US1934680,1934680,"Hartford city, Iowa",56094,59752
1600000US1934725,1934725,"Hartley city, Iowa",44301,56710
1600000US1934770,1934770,"Hartwick city, Iowa",56250,69993
1600000US1934860,1934860,"Harvey city, Iowa",44375,56088
1600000US1934995,1934995,"Hastings city, Iowa",28571,38494
1600000US1935130,1935130,"Havelock city, Iowa",28750,32735
1600000US1935220,1935220,"Haverhill city, Iowa",69583,74810
1600000US1935265,1935265,"Hawarden city, Iowa",47171,51195
1600000US1935310,1935310,"Hawkeye city, Iowa",42000,47141
1600000US1935445,1935445,"Hayesville city, Iowa",33333,41005
1600000US1935490,1935490,"Hayfield CDP, Iowa",-,N
1600000US1935580,1935580,"Hazleton city, Iowa",40565,42222
1600000US1935670,1935670,"Hedrick city, Iowa",28333,39776
1600000US1935715,1935715,"Henderson city, Iowa",36563,45398
1600000US1935760,1935760,"Hepburn city, Iowa",(X),41731
1600000US1935940,1935940,"Hiawatha city, Iowa",51127,64315
1600000US1936030,1936030,"High Amana CDP, Iowa",42232,82464
1600000US1936345,1936345,"Hills city, Iowa",50417,57335
1600000US1936390,1936390,"Hillsboro city, Iowa",37981,41132
1600000US1936480,1936480,"Hinton city, Iowa",64091,80819
1600000US1936660,1936660,"Holiday Lake CDP, Iowa",(X),57740
1600000US1936705,1936705,"Holland city, Iowa",54375,58731
1600000US1936840,1936840,"Holstein city, Iowa",47708,65313
1600000US1936885,1936885,"Holy Cross city, Iowa",52292,60460
1600000US1936975,1936975,"Homestead CDP, Iowa",46595,59238
1600000US1937155,1937155,"Hopkinton city, Iowa",42250,45996
1600000US1937200,1937200,"Hornick city, Iowa",41944,56092
1600000US1937290,1937290,"Hospers city, Iowa",54500,61939
1600000US1937335,1937335,"Houghton city, Iowa",66875,63992
1600000US1937425,1937425,"Hubbard city, Iowa",48864,59859
1600000US1937470,1937470,"Hudson city, Iowa",77969,87196
1600000US1937515,1937515,"Hull city, Iowa",52969,60095
1600000US1937560,1937560,"Humboldt city, Iowa",43504,58407
1600000US1937605,1937605,"Humeston city, Iowa",39286,47436
1600000US1937875,1937875,"Hutchins CDP, Iowa",-,N
1600000US1937920,1937920,"Huxley city, Iowa",64549,78074
1600000US1938010,1938010,"Ida Grove city, Iowa",40294,53609
1600000US1938055,1938055,"Imogene city, Iowa",(X),47667
1600000US1938100,1938100,"Independence city, Iowa",50036,63966
1600000US1938280,1938280,"Indianola city, Iowa",49708,64019
1600000US1938415,1938415,"Inwood city, Iowa",44886,53805
1600000US1938460,1938460,"Ionia city, Iowa",50625,54489
1600000US1938595,1938595,"Iowa City city, Iowa",42375,64656
1600000US1938640,1938640,"Iowa Falls city, Iowa",48118,61888
1600000US1938820,1938820,"Ireton city, Iowa",48000,68079
1600000US1938955,1938955,"Irvington CDP, Iowa",-,N
1600000US1939000,1939000,"Irwin city, Iowa",40795,47439
1600000US1939135,1939135,"Jackson Junction city, Iowa",48750,76150
1600000US1939180,1939180,"Jacksonville CDP, Iowa",18594,N
1600000US1939225,1939225,"Jamaica city, Iowa",40417,53345
1600000US1939405,1939405,"Janesville city, Iowa",52625,59993
1600000US1939450,1939450,"Jefferson city, Iowa",44184,62782
1600000US1939585,1939585,"Jesup city, Iowa",56898,75580
1600000US1939675,1939675,"Jewell Junction city, Iowa",51613,59990
1600000US1939765,1939765,"Johnston city, Iowa",97457,118063
1600000US1939855,1939855,"Joice city, Iowa",36458,50474
1600000US1939900,1939900,"Jolley city, Iowa",27500,32988
1600000US1940170,1940170,"Kalona city, Iowa",41204,52555
1600000US1940215,1940215,"Kamrar city, Iowa",38125,42063
1600000US1940260,1940260,"Kanawha city, Iowa",39028,59765
1600000US1940350,1940350,"Kellerton city, Iowa",36563,43834
1600000US1940395,1940395,"Kelley city, Iowa",71667,72509
1600000US1940440,1940440,"Kellogg city, Iowa",48482,54626
1600000US1940665,1940665,"Kensett city, Iowa",26932,32312
1600000US1940710,1940710,"Kent CDP, Iowa",-,N
1600000US1940845,1940845,"Keokuk city, Iowa",33608,44785
1600000US1940890,1940890,"Keomah Village city, Iowa",60625,64191
1600000US1940935,1940935,"Keosauqua city, Iowa",42788,57559
1600000US1940980,1940980,"Keota city, Iowa",43015,50350
1600000US1941070,1941070,"Keswick city, Iowa",41635,55972
1600000US1941115,1941115,"Keystone city, Iowa",56161,59446
1600000US1941295,1941295,"Kimballton city, Iowa",37188,44293
1600000US1941385,1941385,"Kingsley city, Iowa",61161,71998
1600000US1941475,1941475,"Kinross city, Iowa",35000,31750
1600000US1941520,1941520,"Kirkman city, Iowa",45750,43508
1600000US1941565,1941565,"Kirkville city, Iowa",45833,48013
1600000US1941610,1941610,"Kiron city, Iowa",35625,46493
1600000US1941655,1941655,"Klemme city, Iowa",46979,53089
1600000US1941790,1941790,"Knierim city, Iowa",53438,57823
1600000US1942015,1942015,"Knoxville city, Iowa",41225,52649
1600000US1942285,1942285,"Lacona city, Iowa",40179,46545
1600000US1942330,1942330,"Ladora city, Iowa",42750,80583
1600000US1942465,1942465,"Lake City city, Iowa",39115,51872
1600000US1942555,1942555,"Lake Mills city, Iowa",42760,51870
1600000US1942575,1942575,"Lake Panorama CDP, Iowa",63571,97306
1600000US1942600,1942600,"Lake Park city, Iowa",58750,67408
1600000US1942645,1942645,"Lakeside city, Iowa",67083,71455
1600000US1942690,1942690,"Lake View city, Iowa",50000,58726
1600000US1942825,1942825,"Lakota city, Iowa",30833,43658
1600000US1942870,1942870,"Lambs Grove city, Iowa",65938,76947
1600000US1942960,1942960,"Lamoni city, Iowa",32277,46059
1600000US1943005,1943005,"Lamont city, Iowa",42031,45672
1600000US1943050,1943050,"La Motte city, Iowa",57500,62700
1600000US1943140,1943140,"Lanesboro city, Iowa",30313,38977
1600000US1943275,1943275,"Lansing city, Iowa",36000,48400
1600000US1943365,1943365,"La Porte City city, Iowa",50281,61116
1600000US1943410,1943410,"Larchwood city, Iowa",54205,59892
1600000US1943500,1943500,"Larrabee city, Iowa",39545,43906
1600000US1943590,1943590,"Latimer city, Iowa",40417,51384
1600000US1943680,1943680,"Laurel city, Iowa",41477,49871
1600000US1943725,1943725,"Laurens city, Iowa",38125,57200
1600000US1943815,1943815,"Lawler city, Iowa",46250,51120
1600000US1943905,1943905,"Lawton city, Iowa",65556,75756
1600000US1943950,1943950,"Leando CDP, Iowa",(X),36280
1600000US1944085,1944085,"Le Claire city, Iowa",77127,111707
1600000US1944130,1944130,"Ledyard city, Iowa",34167,62306
1600000US1944220,1944220,"Le Grand city, Iowa",55357,62387
1600000US1944265,1944265,"Lehigh city, Iowa",30375,39661
1600000US1944310,1944310,"Leighton city, Iowa",50000,54083
1600000US1944355,1944355,"Leland city, Iowa",35938,48996
1600000US1944400,1944400,"Le Mars city, Iowa",50283,60823
1600000US1944490,1944490,"Lenox city, Iowa",36741,49153
1600000US1944535,1944535,"Leon city, Iowa",36172,47999
1600000US1944580,1944580,"Le Roy city, Iowa",-,N
1600000US1944670,1944670,"Lester city, Iowa",56731,82031
1600000US1944715,1944715,"Letts city, Iowa",46250,52832
1600000US1944805,1944805,"Lewis city, Iowa",41125,43050
1600000US1944985,1944985,"Libertyville city, Iowa",55357,57784
1600000US1945030,1945030,"Lidderdale city, Iowa",44306,48880
1600000US1945165,1945165,"Lime Springs city, Iowa",48056,50072
1600000US1945255,1945255,"Lincoln city, Iowa",28333,41748
1600000US1945390,1945390,"Linden city, Iowa",35000,59968
1600000US1945435,1945435,"Lineville city, Iowa",35833,40018
1600000US1945480,1945480,"Linn Grove city, Iowa",39375,48784
1600000US1945615,1945615,"Lisbon city, Iowa",49135,65651
1600000US1945660,1945660,"Liscomb city, Iowa",54375,55642
1600000US1945705,1945705,"Little Cedar CDP, Iowa",28438,28822
1600000US1945795,1945795,"Little Rock city, Iowa",51719,54525
1600000US1945840,1945840,"Little Sioux city, Iowa",32500,39629
1600000US1945975,1945975,"Livermore city, Iowa",54500,64060
1600000US1946065,1946065,"Lockridge city, Iowa",37500,44875
1600000US1946155,1946155,"Logan city, Iowa",58125,62293
1600000US1946245,1946245,"Lohrville city, Iowa",46375,55017
1600000US1946290,1946290,"Lone Rock city, Iowa",45313,51545
1600000US1946335,1946335,"Lone Tree city, Iowa",61667,63061
1600000US1946425,1946425,"Long Grove city, Iowa",93750,97510
1600000US1946515,1946515,"Lorimor city, Iowa",34688,35768
1600000US1946605,1946605,"Lost Nation city, Iowa",40714,51032
1600000US1946785,1946785,"Loveland CDP, Iowa",-,N
1600000US1946830,1946830,"Lovilia city, Iowa",42273,44167
1600000US1946920,1946920,"Lowden city, Iowa",38056,52005
1600000US1947010,1947010,"Low Moor city, Iowa",44167,59421
1600000US1947055,1947055,"Luana city, Iowa",43250,50368
1600000US1947100,1947100,"Lucas city, Iowa",50938,54712
1600000US1947280,1947280,"Luther city, Iowa",65250,67497
1600000US1947370,1947370,"Lu Verne city, Iowa",34250,44823
1600000US1947460,1947460,"Luxemburg city, Iowa",46875,53278
1600000US1947505,1947505,"Luzerne city, Iowa",57500,62634
1600000US1947595,1947595,"Lynnville city, Iowa",62981,60553
1600000US1947730,1947730,"Lytton city, Iowa",46250,58721
1600000US1947775,1947775,"McCallsburg city, Iowa",44375,53884
1600000US1947820,1947820,"McCausland city, Iowa",64896,71148
1600000US1947865,1947865,"McClelland city, Iowa",66250,81576
1600000US1947955,1947955,"Macedonia city, Iowa",51250,55720
1600000US1948000,1948000,"McGregor city, Iowa",39327,52635
1600000US1948045,1948045,"McIntire city, Iowa",31500,38484
1600000US1948180,1948180,"Macksburg city, Iowa",42188,70812
1600000US1948450,1948450,"Madrid city, Iowa",54444,59119
1600000US1948495,1948495,"Magnolia city, Iowa",49375,60409
1600000US1948500,1948500,"Maharishi Vedic City city, Iowa",55313,66837
1600000US1948540,1948540,"Malcom city, Iowa",39712,53821
1600000US1948585,1948585,"Mallard city, Iowa",35972,45784
1600000US1948675,1948675,"Maloy city, Iowa",61250,70611
1600000US1948720,1948720,"Malvern city, Iowa",61842,72135
1600000US1948810,1948810,"Manchester city, Iowa",45616,55961
1600000US1948855,1948855,"Manilla city, Iowa",35536,50344
1600000US1948900,1948900,"Manly city, Iowa",42434,51382
1600000US1948945,1948945,"Manning city, Iowa",42548,56592
1600000US1948990,1948990,"Manson city, Iowa",37434,48952
1600000US1949170,1949170,"Mapleton city, Iowa",40294,56955
1600000US1949215,1949215,"Maquoketa city, Iowa",39269,44404
1600000US1949260,1949260,"Marathon city, Iowa",37250,37160
1600000US1949305,1949305,"Marble Rock city, Iowa",38438,51028
1600000US1949350,1949350,"Marcus city, Iowa",52143,63637
1600000US1949395,1949395,"Marengo city, Iowa",44045,56571
1600000US1949485,1949485,"Marion city, Iowa",64527,75146
1600000US1949575,1949575,"Marne city, Iowa",43750,51229
1600000US1949620,1949620,"Marquette city, Iowa",34808,42550
1600000US1949755,1949755,"Marshalltown city, Iowa",50396,59435
1600000US1949845,1949845,"Martelle city, Iowa",46667,50961
1600000US1949890,1949890,"Martensdale city, Iowa",51964,65556
1600000US1949935,1949935,"Martinsburg city, Iowa",56458,61053
1600000US1950070,1950070,"Marysville city, Iowa",40250,44941
1600000US1950160,1950160,"Mason City city, Iowa",43525,57769
1600000US1950205,1950205,"Masonville city, Iowa",28438,44753
1600000US1950250,1950250,"Massena city, Iowa",36250,48650
1600000US1950385,1950385,"Matlock city, Iowa",71875,87033
1600000US1950430,1950430,"Maurice city, Iowa",56406,60493
1600000US1950520,1950520,"Maxwell city, Iowa",65625,71091
1600000US1950610,1950610,"Maynard city, Iowa",44000,52246
1600000US1950655,1950655,"Maysville city, Iowa",33214,60731
1600000US1950700,1950700,"Mechanicsville city, Iowa",54250,58282
1600000US1950790,1950790,"Mediapolis city, Iowa",50333,56171
1600000US1950880,1950880,"Melbourne city, Iowa",48194,56101
1600000US1950935,1950935,"Melcher-Dallas city, Iowa",37586,48189
1600000US1950970,1950970,"Melrose city, Iowa",41250,45792
1600000US1951060,1951060,"Melvin city, Iowa",46250,57924
1600000US1951105,1951105,"Menlo city, Iowa",41500,45244
1600000US1951150,1951150,"Meriden city, Iowa",44375,54302
1600000US1951375,1951375,"Merrill city, Iowa",52500,61722
1600000US1951420,1951420,"Meservey city, Iowa",50625,71739
1600000US1951510,1951510,"Meyer CDP, Iowa",-,-
1600000US1951600,1951600,"Middle Amana CDP, Iowa",69141,81515
1600000US1951735,1951735,"Middletown city, Iowa",49643,54606
1600000US1952050,1952050,"Miles city, Iowa",49000,52705
1600000US1952095,1952095,"Milford city, Iowa",47024,57382
1600000US1952140,1952140,"Miller CDP, Iowa",-,-
1600000US1952230,1952230,"Millersburg city, Iowa",52857,51847
1600000US1952275,1952275,"Millerton city, Iowa",38750,37483
1600000US1952455,1952455,"Milo city, Iowa",57566,70380
1600000US1952500,1952500,"Milton city, Iowa",38036,44705
1600000US1952545,1952545,"Minburn city, Iowa",44318,52105
1600000US1952590,1952590,"Minden city, Iowa",62917,66357
1600000US1952635,1952635,"Mineola CDP, Iowa",40568,36468
1600000US1952815,1952815,"Mingo city, Iowa",35313,47647
1600000US1952860,1952860,"Missouri Valley city, Iowa",44150,50654
1600000US1952905,1952905,"Mitchell city, Iowa",41250,46263
1600000US1952950,1952950,"Mitchellville city, Iowa",54107,64098
1600000US1952995,1952995,"Modale city, Iowa",51167,51084
1600000US1953085,1953085,"Mona CDP, Iowa",62784,47049
1600000US1953175,1953175,"Mondamin city, Iowa",45682,57435
1600000US1953265,1953265,"Monmouth city, Iowa",40000,45037
1600000US1953310,1953310,"Monona city, Iowa",48209,56502
1600000US1953355,1953355,"Monroe city, Iowa",55714,69035
1600000US1953490,1953490,"Montezuma city, Iowa",50966,56978
1600000US1953625,1953625,"Monticello city, Iowa",47083,67277
1600000US1953670,1953670,"Montour city, Iowa",57321,58351
1600000US1953760,1953760,"Montrose city, Iowa",44444,52332
1600000US1953850,1953850,"Moorhead city, Iowa",32750,46196
1600000US1953895,1953895,"Moorland city, Iowa",38125,50996
1600000US1953985,1953985,"Moravia city, Iowa",41196,47074
1600000US1954030,1954030,"Morley city, Iowa",30313,32878
1600000US1954120,1954120,"Morning Sun city, Iowa",47778,68547
1600000US1954165,1954165,"Morrison city, Iowa",56250,59989
1600000US1954390,1954390,"Moulton city, Iowa",32083,37617
1600000US1954435,1954435,"Mount Auburn city, Iowa",45417,47224
1600000US1954480,1954480,"Mount Ayr city, Iowa",45688,52185
1600000US1954705,1954705,"Mount Pleasant city, Iowa",45539,57909
1600000US1954750,1954750,"Mount Sterling CDP, Iowa",127875,94447
1600000US1954795,1954795,"Mount Union city, Iowa",41667,47459
1600000US1954840,1954840,"Mount Vernon city, Iowa",68910,75888
1600000US1954930,1954930,"Moville city, Iowa",56250,70555
1600000US1955065,1955065,"Murray city, Iowa",40417,45392
1600000US1955110,1955110,"Muscatine city, Iowa",44601,59592
1600000US1955200,1955200,"Mystic city, Iowa",28906,34188
1600000US1955335,1955335,"Nashua city, Iowa",46121,60191
1600000US1955515,1955515,"Nemaha city, Iowa",40000,53226
1600000US1955560,1955560,"Neola city, Iowa",47969,67348
1600000US1955695,1955695,"Nevada city, Iowa",55657,64908
1600000US1955785,1955785,"New Albin city, Iowa",26912,41882
1600000US1955965,1955965,"Newell city, Iowa",55500,60506
1600000US1956055,1956055,"Newhall city, Iowa",66771,73896
1600000US1956100,1956100,"New Hampton city, Iowa",41455,51193
1600000US1956145,1956145,"New Hartford city, Iowa",47065,50705
1600000US1956190,1956190,"New Haven CDP, Iowa",26310,27936
1600000US1956280,1956280,"New Liberty city, Iowa",56563,63785
1600000US1956325,1956325,"New London city, Iowa",46830,56811
1600000US1956370,1956370,"New Market city, Iowa",42321,55190
1600000US1956415,1956415,"New Providence city, Iowa",49500,62659
1600000US1956460,1956460,"New Sharon city, Iowa",57065,65586
1600000US1956505,1956505,"Newton city, Iowa",46512,57015
1600000US1956550,1956550,"New Vienna city, Iowa",55469,58702
1600000US1956595,1956595,"New Virginia city, Iowa",58438,64377
1600000US1956685,1956685,"Nichols city, Iowa",51250,59877
1600000US1956865,1956865,"Nodaway city, Iowa",35000,38072
1600000US1956910,1956910,"Nora Springs city, Iowa",42500,54525
1600000US1957045,1957045,"Northboro city, Iowa",31250,37017
1600000US1957135,1957135,"North Buena Vista city, Iowa",30250,32931
1600000US1957225,1957225,"North English city, Iowa",46625,60478
1600000US1957360,1957360,"North Liberty city, Iowa",72451,82633
1600000US1957495,1957495,"North Washington city, Iowa",47188,59033
1600000US1957630,1957630,"Northwood city, Iowa",39583,46740
1600000US1957675,1957675,"Norwalk city, Iowa",79252,88992
1600000US1957720,1957720,"Norway city, Iowa",48516,58199
1600000US1957945,1957945,"Numa city, Iowa",37500,44230
1600000US1958080,1958080,"Oakland city, Iowa",67386,70004
1600000US1958170,1958170,"Oakland Acres city, Iowa",82083,84612
1600000US1958395,1958395,"Oakville city, Iowa",27500,62578
1600000US1958530,1958530,"Ocheyedan city, Iowa",42188,49581
1600000US1958575,1958575,"Odebolt city, Iowa",47727,57445
1600000US1958620,1958620,"Oelwein city, Iowa",37875,47601
1600000US1958665,1958665,"Ogden city, Iowa",50313,58525
1600000US1958710,1958710,"Okoboji city, Iowa",56932,111010
1600000US1958890,1958890,"Olds city, Iowa",50313,54941
1600000US1958980,1958980,"Olin city, Iowa",40179,47492
1600000US1959070,1959070,"Ollie city, Iowa",40469,44513
1600000US1959115,1959115,"Onawa city, Iowa",31610,42899
1600000US1959250,1959250,"Onslow city, Iowa",40938,49236
1600000US1959475,1959475,"Orange City city, Iowa",62568,75630
1600000US1959520,1959520,"Orchard city, Iowa",50000,42083
1600000US1959565,1959565,"Orient city, Iowa",44063,62172
1600000US1959655,1959655,"Orleans city, Iowa",67614,92306
1600000US1959745,1959745,"Osage city, Iowa",48059,56312
1600000US1959835,1959835,"Osceola city, Iowa",40204,47759
1600000US1959925,1959925,"Oskaloosa city, Iowa",40016,52984
1600000US1959970,1959970,"Ossian city, Iowa",51583,59604
1600000US1960015,1960015,"Osterdock city, Iowa",68125,64985
1600000US1960105,1960105,"Otho city, Iowa",42232,50079
1600000US1960240,1960240,"Oto city, Iowa",38438,43828
1600000US1960285,1960285,"Otranto CDP, Iowa",-,N
1600000US1960420,1960420,"Ottosen city, Iowa",40000,42612
1600000US1960465,1960465,"Ottumwa city, Iowa",38570,50942
1600000US1960555,1960555,"Owasa city, Iowa",26875,43421
1600000US1960645,1960645,"Oxford city, Iowa",60441,70243
1600000US1960690,1960690,"Oxford Junction city, Iowa",35417,46949
1600000US1960780,1960780,"Oyens city, Iowa",62813,62148
1600000US1960825,1960825,"Pacific Junction city, Iowa",39688,52879
1600000US1960915,1960915,"Packwood city, Iowa",58500,61335
1600000US1961050,1961050,"Palmer city, Iowa",43750,41715
1600000US1961230,1961230,"Palo city, Iowa",69444,70956
1600000US1961275,1961275,"Panama city, Iowa",54792,67398
1600000US1961320,1961320,"Panora city, Iowa",46371,61566
1600000US1961365,1961365,"Panorama Park city, Iowa",47500,48296
1600000US1961590,1961590,"Parkersburg city, Iowa",43452,56897
1600000US1961725,1961725,"Park View CDP, Iowa",75551,78063
1600000US1961770,1961770,"Parnell city, Iowa",57750,57492
1600000US1961815,1961815,"Paton city, Iowa",54375,57020
1600000US1961860,1961860,"Patterson city, Iowa",50000,57776
1600000US1961905,1961905,"Paullina city, Iowa",54375,60536
1600000US1962040,1962040,"Pella city, Iowa",55551,64829
1600000US1962130,1962130,"Peosta city, Iowa",81397,78772
1600000US1962175,1962175,"Percival CDP, Iowa",(X),53950
1600000US1962355,1962355,"Perry city, Iowa",42225,51499
1600000US1962445,1962445,"Persia city, Iowa",55714,56240
1600000US1962625,1962625,"Peterson city, Iowa",38750,50615
1600000US1962760,1962760,"Pierson city, Iowa",36250,47082
1600000US1962850,1962850,"Pilot Mound city, Iowa",32188,38755
1600000US1962985,1962985,"Pioneer city, Iowa",-,N
1600000US1963075,1963075,"Pisgah city, Iowa",36875,48440
1600000US1963210,1963210,"Plainfield city, Iowa",52917,57098
1600000US1963345,1963345,"Plano city, Iowa",43750,57654
1600000US1963525,1963525,"Pleasant Hill city, Iowa",72431,84956
1600000US1963570,1963570,"Pleasanton city, Iowa",37083,43743
1600000US1963615,1963615,"Pleasant Plain city, Iowa",36875,41991
1600000US1963750,1963750,"Pleasantville city, Iowa",48100,59659
1600000US1963840,1963840,"Plover city, Iowa",36250,58814
1600000US1963885,1963885,"Plymouth city, Iowa",48438,65969
1600000US1963975,1963975,"Pocahontas city, Iowa",41447,50860
1600000US1964020,1964020,"Polk City city, Iowa",78903,95234
1600000US1964065,1964065,"Pomeroy city, Iowa",37986,47722
1600000US1964110,1964110,"Popejoy city, Iowa",(X),50531
1600000US1964155,1964155,"Portland CDP, Iowa",-,N
1600000US1964200,1964200,"Portsmouth city, Iowa",46250,58523
1600000US1964290,1964290,"Postville city, Iowa",33944,41167
1600000US1964425,1964425,"Prairieburg city, Iowa",44063,53870
1600000US1964470,1964470,"Prairie City city, Iowa",58173,65840
1600000US1964560,1964560,"Prescott city, Iowa",52500,62302
1600000US1964605,1964605,"Preston city, Iowa",46635,56235
1600000US1964650,1964650,"Primghar city, Iowa",51042,62668
1600000US1964740,1964740,"Princeton city, Iowa",62500,75179
1600000US1964875,1964875,"Promise City city, Iowa",53750,71361
1600000US1965010,1965010,"Protivin city, Iowa",40000,50899
1600000US1965055,1965055,"Pulaski city, Iowa",51250,58828
1600000US1965235,1965235,"Quasqueton city, Iowa",42697,52092
1600000US1965280,1965280,"Quimby city, Iowa",40625,43799
1600000US1965370,1965370,"Radcliffe city, Iowa",53333,58313
1600000US1965415,1965415,"Rake city, Iowa",27750,35899
1600000US1965505,1965505,"Ralston city, Iowa",38750,42629
1600000US1965550,1965550,"Randalia city, Iowa",40625,41267
1600000US1965595,1965595,"Randall city, Iowa",43750,52941
1600000US1965640,1965640,"Randolph city, Iowa",47969,44751
1600000US1965730,1965730,"Rathbun city, Iowa",36250,45276
1600000US1965820,1965820,"Raymond city, Iowa",66250,76458
1600000US1965910,1965910,"Readlyn city, Iowa",59750,64137
1600000US1965955,1965955,"Reasnor city, Iowa",38750,46504
1600000US1966000,1966000,"Redding city, Iowa",36250,40419
1600000US1966045,1966045,"Redfield city, Iowa",47171,53360
1600000US1966135,1966135,"Red Oak city, Iowa",31943,44003
1600000US1966315,1966315,"Reinbeck city, Iowa",50563,70025
1600000US1966360,1966360,"Rembrandt city, Iowa",38125,44342
1600000US1966405,1966405,"Remsen city, Iowa",51339,58541
1600000US1966450,1966450,"Renwick city, Iowa",41250,62774
1600000US1966540,1966540,"Rhodes city, Iowa",45000,50593
1600000US1966585,1966585,"Riceville city, Iowa",39896,50282
1600000US1966720,1966720,"Richland city, Iowa",51875,64469
1600000US1966810,1966810,"Rickardsville city, Iowa",72778,71056
1600000US1966855,1966855,"Ricketts city, Iowa",47375,48504
1600000US1967035,1967035,"Ridgeway city, Iowa",47708,50677
1600000US1967125,1967125,"Rinard city, Iowa",48125,51041
1600000US1967170,1967170,"Ringsted city, Iowa",36563,64490
1600000US1967215,1967215,"Rippey city, Iowa",46607,43640
1600000US1967350,1967350,"Riverdale city, Iowa",68750,83919
1600000US1967440,1967440,"Riverside city, Iowa",51250,58570
1600000US1967530,1967530,"River Sioux CDP, Iowa",18487,21808
1600000US1967575,1967575,"Riverton city, Iowa",52583,57271
1600000US1967800,1967800,"Robins city, Iowa",110188,124500
1600000US1967890,1967890,"Rochester CDP, Iowa",-,N
1600000US1968025,1968025,"Rock Falls city, Iowa",44107,51931
1600000US1968070,1968070,"Rockford city, Iowa",42917,50267
1600000US1968160,1968160,"Rock Rapids city, Iowa",54583,63734
1600000US1968205,1968205,"Rock Valley city, Iowa",61360,69540
1600000US1968250,1968250,"Rockwell city, Iowa",53421,60890
1600000US1968295,1968295,"Rockwell City city, Iowa",42450,52940
1600000US1968340,1968340,"Rodman city, Iowa",26667,41221
1600000US1968385,1968385,"Rodney city, Iowa",16944,24779
1600000US1968475,1968475,"Roland city, Iowa",71705,77602
1600000US1968520,1968520,"Rolfe city, Iowa",38472,43538
1600000US1968565,1968565,"Rome city, Iowa",43750,43202
1600000US1968700,1968700,"Rose Hill city, Iowa",30000,33056
1600000US1968800,1968800,"Roseville CDP, Iowa",-,-
1600000US1968925,1968925,"Rossie city, Iowa",51875,47771
1600000US1969015,1969015,"Rowan city, Iowa",31731,40399
1600000US1969060,1969060,"Rowley city, Iowa",52396,57500
1600000US1969105,1969105,"Royal city, Iowa",42500,46732
1600000US1969195,1969195,"Rudd city, Iowa",41667,46440
1600000US1969240,1969240,"Runnells city, Iowa",71250,69517
1600000US1969285,1969285,"Russell city, Iowa",32188,37583
1600000US1969330,1969330,"Ruthven city, Iowa",39375,46228
1600000US1969375,1969375,"Rutland city, Iowa",35625,38882
1600000US1969465,1969465,"Ryan city, Iowa",55000,62218
1600000US1969510,1969510,"Sabula city, Iowa",48688,51215
1600000US1969645,1969645,"Sac City city, Iowa",45528,55310
1600000US1969690,1969690,"Sageville city, Iowa",51250,53440
1600000US1969735,1969735,"St. Ansgar city, Iowa",49635,61187
1600000US1969780,1969780,"St. Anthony city, Iowa",32000,45968
1600000US1969825,1969825,"St. Benedict CDP, Iowa",90000,83788
1600000US1969915,1969915,"St. Charles city, Iowa",66771,71426
1600000US1969960,1969960,"St. Donatus city, Iowa",51071,47685
1600000US1970005,1970005,"St. Joseph CDP, Iowa",45625,38275
1600000US1970050,1970050,"St. Lucas city, Iowa",57273,69426
1600000US1970095,1970095,"St. Marys city, Iowa",73750,70041
1600000US1970140,1970140,"St. Olaf city, Iowa",39028,53681
1600000US1970185,1970185,"St. Paul city, Iowa",54750,55802
1600000US1970230,1970230,"Salem city, Iowa",33182,37960
1600000US1970320,1970320,"Salix city, Iowa",55625,64531
1600000US1970410,1970410,"Sanborn city, Iowa",48419,62359
1600000US1970590,1970590,"Sandyville city, Iowa",30625,41761
1600000US1970995,1970995,"Saylorville CDP, Iowa",71318,84019
1600000US1971040,1971040,"Scarville city, Iowa",37500,49013
1600000US1971085,1971085,"Schaller city, Iowa",41875,52552
1600000US1971130,1971130,"Schleswig city, Iowa",50278,62825
1600000US1971310,1971310,"Scranton city, Iowa",43929,47666
1600000US1971355,1971355,"Searsboro city, Iowa",30417,35400
1600000US1971625,1971625,"Sergeant Bluff city, Iowa",82419,83649
1600000US1971715,1971715,"Sexton CDP, Iowa",-,N
1600000US1971760,1971760,"Seymour city, Iowa",27639,42955
1600000US1971895,1971895,"Shambaugh city, Iowa",41875,47610
1600000US1971940,1971940,"Shannon City city, Iowa",32292,38706
1600000US1972075,1972075,"Sharpsburg city, Iowa",31875,47888
1600000US1972210,1972210,"Sheffield city, Iowa",48036,59308
1600000US1972300,1972300,"Shelby city, Iowa",44167,59716
1600000US1972345,1972345,"Sheldahl city, Iowa",56250,57073
1600000US1972390,1972390,"Sheldon city, Iowa",51500,66363
1600000US1972435,1972435,"Shell Rock city, Iowa",50324,54637
1600000US1972480,1972480,"Shellsburg city, Iowa",48162,70688
1600000US1972525,1972525,"Shenandoah city, Iowa",36541,51391
1600000US1972660,1972660,"Sherrill city, Iowa",68750,68405
1600000US1972840,1972840,"Shueyville city, Iowa",111875,130029
1600000US1972975,1972975,"Sibley city, Iowa",40602,52608
1600000US1973065,1973065,"Sidney city, Iowa",48636,61116
1600000US1973110,1973110,"Sigourney city, Iowa",39750,49516
1600000US1973155,1973155,"Silver City city, Iowa",69375,75136
1600000US1973290,1973290,"Sioux Center city, Iowa",66906,85815
1600000US1973335,1973335,"Sioux City city, Iowa",43888,58150
1600000US1973425,1973425,"Sioux Rapids city, Iowa",39375,52149
1600000US1973515,1973515,"Slater city, Iowa",72222,79198
1600000US1973605,1973605,"Sloan city, Iowa",57656,65656
1600000US1973650,1973650,"Smithland city, Iowa",38750,44224
1600000US1973785,1973785,"Soldier city, Iowa",38750,45273
1600000US1973875,1973875,"Solon city, Iowa",75833,88876
1600000US1973920,1973920,"Somers city, Iowa",42813,47824
1600000US1973965,1973965,"South Amana CDP, Iowa",61176,60978
1600000US1974055,1974055,"South English city, Iowa",48750,51375
1600000US1974280,1974280,"Spencer city, Iowa",45688,58836
1600000US1974370,1974370,"Spillville city, Iowa",38438,49785
1600000US1974415,1974415,"Spirit Lake city, Iowa",56485,66441
1600000US1974460,1974460,"Spragueville city, Iowa",25750,38783
1600000US1974505,1974505,"Springbrook city, Iowa",60625,66617
1600000US1974685,1974685,"Spring Hill city, Iowa",38750,46995
1600000US1974775,1974775,"Springville city, Iowa",58825,64480
1600000US1974820,1974820,"Stacyville city, Iowa",37500,47521
1600000US1974910,1974910,"Stanhope city, Iowa",44167,50281
1600000US1974955,1974955,"Stanley city, Iowa",41875,47598
1600000US1975000,1975000,"Stanton city, Iowa",61458,73104
1600000US1975045,1975045,"Stanwood city, Iowa",49167,52858
1600000US1975135,1975135,"State Center city, Iowa",52917,59303
1600000US1975180,1975180,"Steamboat Rock city, Iowa",39250,49027
1600000US1975405,1975405,"Stockport city, Iowa",32019,42766
1600000US1975450,1975450,"Stockton city, Iowa",52500,53751
1600000US1975540,1975540,"Stone City CDP, Iowa",81786,98411
1600000US1975630,1975630,"Storm Lake city, Iowa",43539,59336
1600000US1975675,1975675,"Story City city, Iowa",52330,63950
1600000US1975720,1975720,"Stout city, Iowa",57750,59952
1600000US1975810,1975810,"Stratford city, Iowa",45250,53786
1600000US1975855,1975855,"Strawberry Point city, Iowa",43700,57026
1600000US1975945,1975945,"Struble city, Iowa",59688,62056
1600000US1975990,1975990,"Stuart city, Iowa",38250,46574
1600000US1976035,1976035,"Sully city, Iowa",59018,62287
1600000US1976260,1976260,"Sumner city, Iowa",51298,57284
1600000US1976415,1976415,"Sun Valley Lake CDP, Iowa",(X),148965
1600000US1976440,1976440,"Superior city, Iowa",48750,51139
1600000US1976485,1976485,"Sutherland city, Iowa",44896,50972
1600000US1976620,1976620,"Swaledale city, Iowa",38077,45063
1600000US1976665,1976665,"Swan city, Iowa",23750,34721
1600000US1976755,1976755,"Swea City city, Iowa",31522,44578
1600000US1976890,1976890,"Swisher city, Iowa",74615,85036
1600000US1976935,1976935,"Tabor city, Iowa",57083,59831
1600000US1977115,1977115,"Tama city, Iowa",51741,55541
1600000US1977340,1977340,"Templeton city, Iowa",49375,75338
1600000US1977430,1977430,"Tennant city, Iowa",36667,43661
1600000US1977520,1977520,"Terril city, Iowa",35625,39810
1600000US1977565,1977565,"Thayer city, Iowa",43750,43746
1600000US1977745,1977745,"Thompson city, Iowa",41953,52727
1600000US1977790,1977790,"Thor city, Iowa",48000,48481
1600000US1977835,1977835,"Thornburg city, Iowa",48750,55440
1600000US1977880,1977880,"Thornton city, Iowa",39423,48768
1600000US1977970,1977970,"Thurman city, Iowa",49063,54553
1600000US1978060,1978060,"Tiffin city, Iowa",57125,69083
1600000US1978195,1978195,"Tingley city, Iowa",40625,50503
1600000US1978285,1978285,"Tipton city, Iowa",50734,54958
1600000US1978330,1978330,"Titonka city, Iowa",35769,41976
1600000US1978465,1978465,"Toeterville CDP, Iowa",25139,37639
1600000US1978510,1978510,"Toledo city, Iowa",46406,53636
1600000US1978600,1978600,"Toronto city, Iowa",45000,47382
1600000US1978735,1978735,"Traer city, Iowa",53676,60720
1600000US1978825,1978825,"Treynor city, Iowa",70000,81650
1600000US1978915,1978915,"Tripoli city, Iowa",47313,56290
1600000US1979095,1979095,"Truesdale city, Iowa",40000,44961
1600000US1979140,1979140,"Truro city, Iowa",50789,51202
1600000US1979185,1979185,"Turin city, Iowa",41250,64440
1600000US1979335,1979335,"Twin Lakes CDP, Iowa",121875,129926
1600000US1979410,1979410,"Udell city, Iowa",28125,39932
1600000US1979500,1979500,"Underwood city, Iowa",74600,79754
1600000US1979545,1979545,"Union city, Iowa",41705,52242
1600000US1979680,1979680,"Unionville city, Iowa",40625,42774
1600000US1979770,1979770,"University Heights city, Iowa",52386,83408
1600000US1979815,1979815,"University Park city, Iowa",46719,50295
1600000US1979905,1979905,"Urbana city, Iowa",74286,78900
1600000US1979950,1979950,"Urbandale city, Iowa",78059,101780
1600000US1979995,1979995,"Ute city, Iowa",35500,44737
1600000US1980130,1980130,"Vail city, Iowa",43359,48655
1600000US1980175,1980175,"Valeria city, Iowa",53750,54047
1600000US1980400,1980400,"Van Horne city, Iowa",50000,59315
1600000US1980445,1980445,"Van Meter city, Iowa",83889,88435
1600000US1980490,1980490,"Van Wert city, Iowa",28000,45709
1600000US1980535,1980535,"Varina city, Iowa",30833,40364
1600000US1980580,1980580,"Ventura city, Iowa",67422,77073
1600000US1980805,1980805,"Victor city, Iowa",43542,52987
1600000US1980985,1980985,"Villisca city, Iowa",32042,40721
1600000US1981075,1981075,"Vincent city, Iowa",51250,52725
1600000US1981120,1981120,"Vining city, Iowa",61667,62303
1600000US1981210,1981210,"Vinton city, Iowa",48930,61104
1600000US1981345,1981345,"Volga city, Iowa",34333,42702
1600000US1981570,1981570,"Wadena city, Iowa",40139,45547
1600000US1981615,1981615,"Wahpeton city, Iowa",64643,100092
1600000US1981705,1981705,"Walcott city, Iowa",49583,64588
1600000US1981840,1981840,"Walford city, Iowa",92284,100201
1600000US1981885,1981885,"Walker city, Iowa",63750,69468
1600000US1981975,1981975,"Wallingford city, Iowa",53750,62325
1600000US1982020,1982020,"Wall Lake city, Iowa",48646,54240
1600000US1982065,1982065,"Walnut city, Iowa",42308,56492
1600000US1982200,1982200,"Wapello city, Iowa",44112,52979
1600000US1982290,1982290,"Washburn CDP, Iowa",49669,55350
1600000US1982335,1982335,"Washington city, Iowa",45013,60677
1600000US1982380,1982380,"Washta city, Iowa",34583,43769
1600000US1982425,1982425,"Waterloo city, Iowa",41933,53120
1600000US1982470,1982470,"Waterville city, Iowa",42500,78497
1600000US1982515,1982515,"Watkins CDP, Iowa",31797,41462
1600000US1982650,1982650,"Waucoma city, Iowa",37639,54122
1600000US1982695,1982695,"Waukee city, Iowa",77200,106528
1600000US1982740,1982740,"Waukon city, Iowa",39417,53200
1600000US1982875,1982875,"Waverly city, Iowa",61506,77845
1600000US1982965,1982965,"Wayland city, Iowa",51563,55080
1600000US1983010,1983010,"Webb city, Iowa",41750,57441
1600000US1983055,1983055,"Webster city, Iowa",41250,44019
1600000US1983145,1983145,"Webster City city, Iowa",42011,56971
1600000US1983190,1983190,"Weldon city, Iowa",31250,41270
1600000US1983280,1983280,"Wellman city, Iowa",56983,65416
1600000US1983325,1983325,"Wellsburg city, Iowa",47019,65104
1600000US1983370,1983370,"Welton city, Iowa",68750,68670
1600000US1983415,1983415,"Wesley city, Iowa",46750,62997
1600000US1983505,1983505,"West Amana CDP, Iowa",(X),58045
1600000US1983550,1983550,"West Bend city, Iowa",44766,52973
1600000US1983595,1983595,"West Branch city, Iowa",60650,66702
1600000US1983685,1983685,"West Burlington city, Iowa",38314,48144
1600000US1983775,1983775,"West Chester city, Iowa",31429,48518
1600000US1983910,1983910,"West Des Moines city, Iowa",71200,94642
1600000US1984090,1984090,"Westfield city, Iowa",40417,48460
1600000US1984180,1984180,"Westgate city, Iowa",52361,59408
1600000US1984315,1984315,"West Liberty city, Iowa",54408,63105
1600000US1984450,1984450,"West Okoboji city, Iowa",50833,76820
1600000US1984495,1984495,"Weston CDP, Iowa",(X),55168
1600000US1984540,1984540,"Westphalia city, Iowa",41964,48125
1600000US1984585,1984585,"West Point city, Iowa",52768,61714
1600000US1984630,1984630,"Westside city, Iowa",52250,62893
1600000US1984765,1984765,"West Union city, Iowa",40980,54873
1600000US1984835,1984835,"Westwood city, Iowa",82917,137911
1600000US1984900,1984900,"What Cheer city, Iowa",31518,35656
1600000US1984945,1984945,"Wheatland city, Iowa",48229,55487
1600000US1985215,1985215,"Whiting city, Iowa",38558,48830
1600000US1985260,1985260,"Whittemore city, Iowa",42500,54022
1600000US1985305,1985305,"Whitten city, Iowa",39375,46043
1600000US1985710,1985710,"Willey city, Iowa",69375,68503
1600000US1985800,1985800,"Williams city, Iowa",52000,54290
1600000US1985845,1985845,"Williamsburg city, Iowa",54367,63431
1600000US1985935,1985935,"Williamson city, Iowa",40000,45343
1600000US1986070,1986070,"Wilton city, Iowa",51726,64247
1600000US1986250,1986250,"Windsor Heights city, Iowa",57627,69722
1600000US1986385,1986385,"Winfield city, Iowa",41875,52676
1600000US1986520,1986520,"Winterset city, Iowa",41289,53533
1600000US1986565,1986565,"Winthrop city, Iowa",54779,66222
1600000US1986610,1986610,"Wiota city, Iowa",39167,54346
1600000US1986700,1986700,"Woden city, Iowa",40417,49896
1600000US1986835,1986835,"Woodbine city, Iowa",44688,53551
1600000US1986880,1986880,"Woodburn city, Iowa",34605,54150
1600000US1986970,1986970,"Woodward city, Iowa",58125,64269
1600000US1987015,1987015,"Woolstock city, Iowa",45714,49208
1600000US1987060,1987060,"Worthington city, Iowa",61136,61031
1600000US1987240,1987240,"Wyoming city, Iowa",41750,49374
1600000US1987285,1987285,"Yale city, Iowa",44000,49767
1600000US1987375,1987375,"Yetter city, Iowa",(X),35554
1600000US1987420,1987420,"Yorktown city, Iowa",38750,47232
1600000US1987555,1987555,"Zearing city, Iowa",57031,69580
1600000US1987690,1987690,"Zwingle city, Iowa",42292,52743
